text,label
"a famous celebrity caught lying again, patriots are outraged, wake up sheeple Everyone is talking about it.",0
"a famous celebrity met lawmakers to discuss the budget proposal, according to a spokesperson The decision follows weeks of talks.",1
"Miracle cure discovered by a tech company, big pharma furious and desperate to silence it Share now!!!",0
Officials confirmed a tech company will go ahead after the committee voted on Monday More details are expected later.,1
"SHOCKING: the health agency exposed in secret video, mainstream media hiding the truth Share now!!!",0
"the health agency announced new measures on Tuesday, officials said in a statement More details are expected later.",1
"the city council caught lying again, patriots are outraged, wake up sheeple Everyone is talking about it.",0
Officials confirmed the city council will go ahead after the committee voted on Monday More details are expected later.,1
"Anonymous insider reveals the president plans total collapse, they don't want you to know Everyone is talking about it.",0
Police said the president was under investigation and a report is expected next month The decision follows weeks of talks.,1
"SHOCKING: the new vaccine exposed in secret video, mainstream media hiding the truth Everyone is talking about it.",0
"the new vaccine announced new measures on Tuesday, officials said in a statement Analysts said markets reacted calmly.",1
"SHOCKING: the election exposed in secret video, mainstream media hiding the truth Share now!!!",0
Officials confirmed the election will go ahead after the committee voted on Monday The decision follows weeks of talks.,1
"Anonymous insider reveals the city council plans total collapse, they don't want you to know Everyone is talking about it.",0
Police said the city council was under investigation and a report is expected next month The decision follows weeks of talks.,1
"Miracle cure discovered by a tech company, big pharma furious and desperate to silence it The truth is out.",0
The finance ministry said a tech company would be reviewed after quarterly figures were released More details are expected later.,1
"Anonymous insider reveals the health agency plans total collapse, they don't want you to know Everyone is talking about it.",0
Researchers published a peer reviewed study on the health agency in a scientific journal this week More details are expected later.,1
"Miracle cure discovered by the government, big pharma furious and desperate to silence it The truth is out.",0
Officials confirmed the government will go ahead after the committee voted on Monday The decision follows weeks of talks.,1
"Anonymous insider reveals a famous celebrity plans total collapse, they don't want you to know The truth is out.",0
"a famous celebrity met lawmakers to discuss the budget proposal, according to a spokesperson The decision follows weeks of talks.",1
"Anonymous insider reveals the new vaccine plans total collapse, they don't want you to know The truth is out.",0
Police said the new vaccine was under investigation and a report is expected next month More details are expected later.,1
"Anonymous insider reveals the election plans total collapse, they don't want you to know Everyone is talking about it.",0
"the election met lawmakers to discuss the budget proposal, according to a spokesperson More details are expected later.",1
"Miracle cure discovered by the senator, big pharma furious and desperate to silence it The truth is out.",0
Researchers published a peer reviewed study on the senator in a scientific journal this week Analysts said markets reacted calmly.,1
"Miracle cure discovered by the government, big pharma furious and desperate to silence it Everyone is talking about it.",0
Officials confirmed the government will go ahead after the committee voted on Monday More details are expected later.,1
"Anonymous insider reveals the city council plans total collapse, they don't want you to know Everyone is talking about it.",0
"the city council met lawmakers to discuss the budget proposal, according to a spokesperson Analysts said markets reacted calmly.",1
"SHOCKING: the new vaccine exposed in secret video, mainstream media hiding the truth Share now!!!",0
Officials confirmed the new vaccine will go ahead after the committee voted on Monday Analysts said markets reacted calmly.,1
"You won't believe what the central bank just did, doctors hate this one trick The truth is out.",0
Researchers published a peer reviewed study on the central bank in a scientific journal this week More details are expected later.,1
"Anonymous insider reveals a tech company plans total collapse, they don't want you to know Everyone is talking about it.",0
Researchers published a peer reviewed study on a tech company in a scientific journal this week The decision follows weeks of talks.,1
"Anonymous insider reveals the president plans total collapse, they don't want you to know The truth is out.",0
Police said the president was under investigation and a report is expected next month Analysts said markets reacted calmly.,1
"Anonymous insider reveals the city council plans total collapse, they don't want you to know Everyone is talking about it.",0
The finance ministry said the city council would be reviewed after quarterly figures were released Analysts said markets reacted calmly.,1
"SHOCKING: the health agency exposed in secret video, mainstream media hiding the truth Everyone is talking about it.",0
Police said the health agency was under investigation and a report is expected next month Analysts said markets reacted calmly.,1
"Miracle cure discovered by the health agency, big pharma furious and desperate to silence it The truth is out.",0
"the health agency met lawmakers to discuss the budget proposal, according to a spokesperson Analysts said markets reacted calmly.",1
"Miracle cure discovered by the new vaccine, big pharma furious and desperate to silence it Share now!!!",0
Officials confirmed the new vaccine will go ahead after the committee voted on Monday Analysts said markets reacted calmly.,1
"Anonymous insider reveals the senator plans total collapse, they don't want you to know Everyone is talking about it.",0
Researchers published a peer reviewed study on the senator in a scientific journal this week Analysts said markets reacted calmly.,1
"You won't believe what the election just did, doctors hate this one trick The truth is out.",0
Police said the election was under investigation and a report is expected next month The decision follows weeks of talks.,1
"SHOCKING: the city council exposed in secret video, mainstream media hiding the truth Share now!!!",0
"the city council met lawmakers to discuss the budget proposal, according to a spokesperson Analysts said markets reacted calmly.",1
"You won't believe what the election just did, doctors hate this one trick The truth is out.",0
Researchers published a peer reviewed study on the election in a scientific journal this week More details are expected later.,1
"Miracle cure discovered by the new vaccine, big pharma furious and desperate to silence it Share now!!!",0
"the new vaccine announced new measures on Tuesday, officials said in a statement Analysts said markets reacted calmly.",1
"the election caught lying again, patriots are outraged, wake up sheeple The truth is out.",0
"the election met lawmakers to discuss the budget proposal, according to a spokesperson More details are expected later.",1
"SHOCKING: the senator exposed in secret video, mainstream media hiding the truth Everyone is talking about it.",0
Officials confirmed the senator will go ahead after the committee voted on Monday The decision follows weeks of talks.,1
"the election caught lying again, patriots are outraged, wake up sheeple Everyone is talking about it.",0
"the election announced new measures on Tuesday, officials said in a statement Analysts said markets reacted calmly.",1
"SHOCKING: the president exposed in secret video, mainstream media hiding the truth The truth is out.",0
"the president announced new measures on Tuesday, officials said in a statement The decision follows weeks of talks.",1
"Miracle cure discovered by the government, big pharma furious and desperate to silence it Everyone is talking about it.",0
"the government met lawmakers to discuss the budget proposal, according to a spokesperson The decision follows weeks of talks.",1
"SHOCKING: the president exposed in secret video, mainstream media hiding the truth The truth is out.",0
The finance ministry said the president would be reviewed after quarterly figures were released More details are expected later.,1
"SHOCKING: the president exposed in secret video, mainstream media hiding the truth Everyone is talking about it.",0
The finance ministry said the president would be reviewed after quarterly figures were released More details are expected later.,1
"You won't believe what the election just did, doctors hate this one trick The truth is out.",0
"the election met lawmakers to discuss the budget proposal, according to a spokesperson Analysts said markets reacted calmly.",1
"Miracle cure discovered by the president, big pharma furious and desperate to silence it The truth is out.",0
"the president met lawmakers to discuss the budget proposal, according to a spokesperson More details are expected later.",1
"SHOCKING: a tech company exposed in secret video, mainstream media hiding the truth Everyone is talking about it.",0
"a tech company met lawmakers to discuss the budget proposal, according to a spokesperson More details are expected later.",1
"Miracle cure discovered by the new vaccine, big pharma furious and desperate to silence it Everyone is talking about it.",0
"the new vaccine met lawmakers to discuss the budget proposal, according to a spokesperson The decision follows weeks of talks.",1
"Anonymous insider reveals the president plans total collapse, they don't want you to know The truth is out.",0
The finance ministry said the president would be reviewed after quarterly figures were released Analysts said markets reacted calmly.,1
"SHOCKING: the city council exposed in secret video, mainstream media hiding the truth Everyone is talking about it.",0
"the city council announced new measures on Tuesday, officials said in a statement More details are expected later.",1
"SHOCKING: a famous celebrity exposed in secret video, mainstream media hiding the truth The truth is out.",0
The finance ministry said a famous celebrity would be reviewed after quarterly figures were released More details are expected later.,1
"Anonymous insider reveals the election plans total collapse, they don't want you to know Share now!!!",0
Police said the election was under investigation and a report is expected next month The decision follows weeks of talks.,1
"Miracle cure discovered by the election, big pharma furious and desperate to silence it Everyone is talking about it.",0
Police said the election was under investigation and a report is expected next month Analysts said markets reacted calmly.,1
"Miracle cure discovered by the government, big pharma furious and desperate to silence it The truth is out.",0
Police said the government was under investigation and a report is expected next month More details are expected later.,1
"SHOCKING: the city council exposed in secret video, mainstream media hiding the truth The truth is out.",0
"the city council met lawmakers to discuss the budget proposal, according to a spokesperson The decision follows weeks of talks.",1
"SHOCKING: the health agency exposed in secret video, mainstream media hiding the truth Share now!!!",0
"the health agency announced new measures on Tuesday, officials said in a statement The decision follows weeks of talks.",1
"BREAKING!!! the president is a hoax created by elites, share before they delete this The truth is out.",0
The finance ministry said the president would be reviewed after quarterly figures were released More details are expected later.,1
"BREAKING!!! the senator is a hoax created by elites, share before they delete this Everyone is talking about it.",0
"the senator announced new measures on Tuesday, officials said in a statement Analysts said markets reacted calmly.",1
"the government caught lying again, patriots are outraged, wake up sheeple Everyone is talking about it.",0
Police said the government was under investigation and a report is expected next month More details are expected later.,1
"Anonymous insider reveals a famous celebrity plans total collapse, they don't want you to know The truth is out.",0
Police said a famous celebrity was under investigation and a report is expected next month The decision follows weeks of talks.,1
"You won't believe what the city council just did, doctors hate this one trick Share now!!!",0
"the city council announced new measures on Tuesday, officials said in a statement The decision follows weeks of talks.",1
"Anonymous insider reveals the senator plans total collapse, they don't want you to know Share now!!!",0
Police said the senator was under investigation and a report is expected next month The decision follows weeks of talks.,1
"SHOCKING: a tech company exposed in secret video, mainstream media hiding the truth The truth is out.",0
Researchers published a peer reviewed study on a tech company in a scientific journal this week More details are expected later.,1
"Miracle cure discovered by the election, big pharma furious and desperate to silence it Everyone is talking about it.",0
"the election met lawmakers to discuss the budget proposal, according to a spokesperson Analysts said markets reacted calmly.",1
"BREAKING!!! the city council is a hoax created by elites, share before they delete this Everyone is talking about it.",0
The finance ministry said the city council would be reviewed after quarterly figures were released The decision follows weeks of talks.,1
"the new vaccine caught lying again, patriots are outraged, wake up sheeple Everyone is talking about it.",0
"the new vaccine met lawmakers to discuss the budget proposal, according to a spokesperson More details are expected later.",1
"BREAKING!!! the health agency is a hoax created by elites, share before they delete this The truth is out.",0
"the health agency announced new measures on Tuesday, officials said in a statement More details are expected later.",1
"BREAKING!!! the election is a hoax created by elites, share before they delete this The truth is out.",0
Police said the election was under investigation and a report is expected next month More details are expected later.,1
"You won't believe what the election just did, doctors hate this one trick Everyone is talking about it.",0
Officials confirmed the election will go ahead after the committee voted on Monday The decision follows weeks of talks.,1
"You won't believe what the central bank just did, doctors hate this one trick Everyone is talking about it.",0
The finance ministry said the central bank would be reviewed after quarterly figures were released Analysts said markets reacted calmly.,1
"BREAKING!!! the health agency is a hoax created by elites, share before they delete this Share now!!!",0
Police said the health agency was under investigation and a report is expected next month Analysts said markets reacted calmly.,1
"BREAKING!!! the president is a hoax created by elites, share before they delete this Share now!!!",0
"the president met lawmakers to discuss the budget proposal, according to a spokesperson The decision follows weeks of talks.",1
"You won't believe what the president just did, doctors hate this one trick The truth is out.",0
Officials confirmed the president will go ahead after the committee voted on Monday More details are expected later.,1
"a famous celebrity caught lying again, patriots are outraged, wake up sheeple The truth is out.",0
"a famous celebrity announced new measures on Tuesday, officials said in a statement More details are expected later.",1
"Miracle cure discovered by the government, big pharma furious and desperate to silence it Everyone is talking about it.",0
Researchers published a peer reviewed study on the government in a scientific journal this week The decision follows weeks of talks.,1
"BREAKING!!! a famous celebrity is a hoax created by elites, share before they delete this Everyone is talking about it.",0
Police said a famous celebrity was under investigation and a report is expected next month Analysts said markets reacted calmly.,1
"SHOCKING: the city council exposed in secret video, mainstream media hiding the truth The truth is out.",0
Police said the city council was under investigation and a report is expected next month The decision follows weeks of talks.,1
"SHOCKING: the senator exposed in secret video, mainstream media hiding the truth Share now!!!",0
"the senator met lawmakers to discuss the budget proposal, according to a spokesperson More details are expected later.",1
"the senator caught lying again, patriots are outraged, wake up sheeple Everyone is talking about it.",0
Researchers published a peer reviewed study on the senator in a scientific journal this week More details are expected later.,1
"SHOCKING: the central bank exposed in secret video, mainstream media hiding the truth Share now!!!",0
"the central bank announced new measures on Tuesday, officials said in a statement Analysts said markets reacted calmly.",1
"SHOCKING: the government exposed in secret video, mainstream media hiding the truth Share now!!!",0
"the government announced new measures on Tuesday, officials said in a statement The decision follows weeks of talks.",1
"You won't believe what the health agency just did, doctors hate this one trick The truth is out.",0
Researchers published a peer reviewed study on the health agency in a scientific journal this week The decision follows weeks of talks.,1
"Miracle cure discovered by the central bank, big pharma furious and desperate to silence it Everyone is talking about it.",0
Officials confirmed the central bank will go ahead after the committee voted on Monday The decision follows weeks of talks.,1
"Anonymous insider reveals a famous celebrity plans total collapse, they don't want you to know Everyone is talking about it.",0
Researchers published a peer reviewed study on a famous celebrity in a scientific journal this week More details are expected later.,1
"BREAKING!!! the election is a hoax created by elites, share before they delete this The truth is out.",0
"the election met lawmakers to discuss the budget proposal, according to a spokesperson Analysts said markets reacted calmly.",1
"BREAKING!!! a tech company is a hoax created by elites, share before they delete this Everyone is talking about it.",0
The finance ministry said a tech company would be reviewed after quarterly figures were released Analysts said markets reacted calmly.,1
"SHOCKING: the new vaccine exposed in secret video, mainstream media hiding the truth Everyone is talking about it.",0
"the new vaccine announced new measures on Tuesday, officials said in a statement More details are expected later.",1
"BREAKING!!! the senator is a hoax created by elites, share before they delete this Share now!!!",0
Researchers published a peer reviewed study on the senator in a scientific journal this week More details are expected later.,1
"SHOCKING: the city council exposed in secret video, mainstream media hiding the truth Everyone is talking about it.",0
"the city council met lawmakers to discuss the budget proposal, according to a spokesperson Analysts said markets reacted calmly.",1
"SHOCKING: a tech company exposed in secret video, mainstream media hiding the truth Share now!!!",0
The finance ministry said a tech company would be reviewed after quarterly figures were released Analysts said markets reacted calmly.,1
"Anonymous insider reveals the election plans total collapse, they don't want you to know Share now!!!",0
Officials confirmed the election will go ahead after the committee voted on Monday More details are expected later.,1
"You won't believe what the president just did, doctors hate this one trick The truth is out.",0
The finance ministry said the president would be reviewed after quarterly figures were released More details are expected later.,1
"You won't believe what the health agency just did, doctors hate this one trick Share now!!!",0
"the health agency announced new measures on Tuesday, officials said in a statement More details are expected later.",1
"Miracle cure discovered by the central bank, big pharma furious and desperate to silence it Everyone is talking about it.",0
Officials confirmed the central bank will go ahead after the committee voted on Monday Analysts said markets reacted calmly.,1
"You won't believe what the new vaccine just did, doctors hate this one trick Share now!!!",0
"the new vaccine met lawmakers to discuss the budget proposal, according to a spokesperson The decision follows weeks of talks.",1
"You won't believe what the new vaccine just did, doctors hate this one trick Share now!!!",0
Police said the new vaccine was under investigation and a report is expected next month More details are expected later.,1
"BREAKING!!! the health agency is a hoax created by elites, share before they delete this Everyone is talking about it.",0
Police said the health agency was under investigation and a report is expected next month Analysts said markets reacted calmly.,1
"the senator caught lying again, patriots are outraged, wake up sheeple Everyone is talking about it.",0
The finance ministry said the senator would be reviewed after quarterly figures were released The decision follows weeks of talks.,1
"You won't believe what the government just did, doctors hate this one trick Share now!!!",0
"the government announced new measures on Tuesday, officials said in a statement More details are expected later.",1
"SHOCKING: the election exposed in secret video, mainstream media hiding the truth The truth is out.",0
"the election announced new measures on Tuesday, officials said in a statement The decision follows weeks of talks.",1
"BREAKING!!! the government is a hoax created by elites, share before they delete this Share now!!!",0
Researchers published a peer reviewed study on the government in a scientific journal this week More details are expected later.,1
"SHOCKING: a famous celebrity exposed in secret video, mainstream media hiding the truth The truth is out.",0
"a famous celebrity met lawmakers to discuss the budget proposal, according to a spokesperson The decision follows weeks of talks.",1
"Anonymous insider reveals the election plans total collapse, they don't want you to know Everyone is talking about it.",0
The finance ministry said the election would be reviewed after quarterly figures were released The decision follows weeks of talks.,1
"BREAKING!!! a famous celebrity is a hoax created by elites, share before they delete this Share now!!!",0
"a famous celebrity announced new measures on Tuesday, officials said in a statement Analysts said markets reacted calmly.",1
"the election caught lying again, patriots are outraged, wake up sheeple Share now!!!",0
The finance ministry said the election would be reviewed after quarterly figures were released The decision follows weeks of talks.,1
"a famous celebrity caught lying again, patriots are outraged, wake up sheeple The truth is out.",0
"a famous celebrity announced new measures on Tuesday, officials said in a statement More details are expected later.",1
"Anonymous insider reveals the senator plans total collapse, they don't want you to know The truth is out.",0
Officials confirmed the senator will go ahead after the committee voted on Monday Analysts said markets reacted calmly.,1
"You won't believe what the health agency just did, doctors hate this one trick Share now!!!",0
Researchers published a peer reviewed study on the health agency in a scientific journal this week Analysts said markets reacted calmly.,1
"SHOCKING: a famous celebrity exposed in secret video, mainstream media hiding the truth The truth is out.",0
Officials confirmed a famous celebrity will go ahead after the committee voted on Monday The decision follows weeks of talks.,1
"SHOCKING: the president exposed in secret video, mainstream media hiding the truth The truth is out.",0
Researchers published a peer reviewed study on the president in a scientific journal this week More details are expected later.,1
"BREAKING!!! the election is a hoax created by elites, share before they delete this The truth is out.",0
Researchers published a peer reviewed study on the election in a scientific journal this week Analysts said markets reacted calmly.,1
"SHOCKING: a tech company exposed in secret video, mainstream media hiding the truth Share now!!!",0
"a tech company met lawmakers to discuss the budget proposal, according to a spokesperson The decision follows weeks of talks.",1
"Miracle cure discovered by the president, big pharma furious and desperate to silence it Everyone is talking about it.",0
Officials confirmed the president will go ahead after the committee voted on Monday More details are expected later.,1
"SHOCKING: the senator exposed in secret video, mainstream media hiding the truth Everyone is talking about it.",0
Officials confirmed the senator will go ahead after the committee voted on Monday More details are expected later.,1
"You won't believe what the senator just did, doctors hate this one trick The truth is out.",0
The finance ministry said the senator would be reviewed after quarterly figures were released The decision follows weeks of talks.,1
"BREAKING!!! the president is a hoax created by elites, share before they delete this Share now!!!",0
Police said the president was under investigation and a report is expected next month More details are expected later.,1
"a famous celebrity caught lying again, patriots are outraged, wake up sheeple Everyone is talking about it.",0
The finance ministry said a famous celebrity would be reviewed after quarterly figures were released More details are expected later.,1
"You won't believe what the government just did, doctors hate this one trick The truth is out.",0
"the government met lawmakers to discuss the budget proposal, according to a spokesperson Analysts said markets reacted calmly.",1
"Anonymous insider reveals a tech company plans total collapse, they don't want you to know The truth is out.",0
Officials confirmed a tech company will go ahead after the committee voted on Monday The decision follows weeks of talks.,1
"BREAKING!!! the health agency is a hoax created by elites, share before they delete this Share now!!!",0
Officials confirmed the health agency will go ahead after the committee voted on Monday More details are expected later.,1
"Anonymous insider reveals the health agency plans total collapse, they don't want you to know Share now!!!",0
"the health agency met lawmakers to discuss the budget proposal, according to a spokesperson Analysts said markets reacted calmly.",1
"Anonymous insider reveals the senator plans total collapse, they don't want you to know The truth is out.",0
"the senator met lawmakers to discuss the budget proposal, according to a spokesperson Analysts said markets reacted calmly.",1
"SHOCKING: the health agency exposed in secret video, mainstream media hiding the truth Everyone is talking about it.",0
Police said the health agency was under investigation and a report is expected next month Analysts said markets reacted calmly.,1
"You won't believe what the new vaccine just did, doctors hate this one trick The truth is out.",0
The finance ministry said the new vaccine would be reviewed after quarterly figures were released More details are expected later.,1
"Anonymous insider reveals the president plans total collapse, they don't want you to know Share now!!!",0
Police said the president was under investigation and a report is expected next month More details are expected later.,1
"Anonymous insider reveals a famous celebrity plans total collapse, they don't want you to know The truth is out.",0
Officials confirmed a famous celebrity will go ahead after the committee voted on Monday More details are expected later.,1
"SHOCKING: the senator exposed in secret video, mainstream media hiding the truth Everyone is talking about it.",0
Police said the senator was under investigation and a report is expected next month Analysts said markets reacted calmly.,1
"Miracle cure discovered by the senator, big pharma furious and desperate to silence it Everyone is talking about it.",0
The finance ministry said the senator would be reviewed after quarterly figures were released More details are expected later.,1
"You won't believe what the city council just did, doctors hate this one trick The truth is out.",0
Officials confirmed the city council will go ahead after the committee voted on Monday The decision follows weeks of talks.,1
"Anonymous insider reveals a tech company plans total collapse, they don't want you to know Share now!!!",0
Officials confirmed a tech company will go ahead after the committee voted on Monday Analysts said markets reacted calmly.,1
"Miracle cure discovered by the new vaccine, big pharma furious and desperate to silence it The truth is out.",0
The finance ministry said the new vaccine would be reviewed after quarterly figures were released Analysts said markets reacted calmly.,1
"the government caught lying again, patriots are outraged, wake up sheeple Everyone is talking about it.",0
"the government met lawmakers to discuss the budget proposal, according to a spokesperson Analysts said markets reacted calmly.",1
"BREAKING!!! the central bank is a hoax created by elites, share before they delete this The truth is out.",0
"the central bank announced new measures on Tuesday, officials said in a statement The decision follows weeks of talks.",1
"Anonymous insider reveals the senator plans total collapse, they don't want you to know The truth is out.",0
Officials confirmed the senator will go ahead after the committee voted on Monday The decision follows weeks of talks.,1
"You won't believe what a tech company just did, doctors hate this one trick Share now!!!",0
Researchers published a peer reviewed study on a tech company in a scientific journal this week More details are expected later.,1
"BREAKING!!! a famous celebrity is a hoax created by elites, share before they delete this Share now!!!",0
The finance ministry said a famous celebrity would be reviewed after quarterly figures were released Analysts said markets reacted calmly.,1
"You won't believe what a tech company just did, doctors hate this one trick Everyone is talking about it.",0
Researchers published a peer reviewed study on a tech company in a scientific journal this week Analysts said markets reacted calmly.,1
"Miracle cure discovered by the election, big pharma furious and desperate to silence it Everyone is talking about it.",0
Officials confirmed the election will go ahead after the committee voted on Monday More details are expected later.,1
"You won't believe what the president just did, doctors hate this one trick Share now!!!",0
Officials confirmed the president will go ahead after the committee voted on Monday Analysts said markets reacted calmly.,1
"You won't believe what the government just did, doctors hate this one trick The truth is out.",0
Researchers published a peer reviewed study on the government in a scientific journal this week Analysts said markets reacted calmly.,1
"SHOCKING: the government exposed in secret video, mainstream media hiding the truth The truth is out.",0
Police said the government was under investigation and a report is expected next month The decision follows weeks of talks.,1
"You won't believe what the president just did, doctors hate this one trick Everyone is talking about it.",0
"the president met lawmakers to discuss the budget proposal, according to a spokesperson The decision follows weeks of talks.",1
"You won't believe what the election just did, doctors hate this one trick Share now!!!",0
"the election met lawmakers to discuss the budget proposal, according to a spokesperson Analysts said markets reacted calmly.",1
"Anonymous insider reveals the president plans total collapse, they don't want you to know Share now!!!",0
The finance ministry said the president would be reviewed after quarterly figures were released Analysts said markets reacted calmly.,1
"Miracle cure discovered by the new vaccine, big pharma furious and desperate to silence it Share now!!!",0
"the new vaccine announced new measures on Tuesday, officials said in a statement The decision follows weeks of talks.",1
"Miracle cure discovered by the senator, big pharma furious and desperate to silence it Everyone is talking about it.",0
"the senator met lawmakers to discuss the budget proposal, according to a spokesperson The decision follows weeks of talks.",1
"SHOCKING: the government exposed in secret video, mainstream media hiding the truth The truth is out.",0
Officials confirmed the government will go ahead after the committee voted on Monday The decision follows weeks of talks.,1
"BREAKING!!! the election is a hoax created by elites, share before they delete this The truth is out.",0
Officials confirmed the election will go ahead after the committee voted on Monday Analysts said markets reacted calmly.,1
"SHOCKING: a famous celebrity exposed in secret video, mainstream media hiding the truth The truth is out.",0
"a famous celebrity met lawmakers to discuss the budget proposal, according to a spokesperson Analysts said markets reacted calmly.",1
"Miracle cure discovered by the president, big pharma furious and desperate to silence it The truth is out.",0
Officials confirmed the president will go ahead after the committee voted on Monday More details are expected later.,1
"BREAKING!!! the election is a hoax created by elites, share before they delete this Everyone is talking about it.",0
"the election announced new measures on Tuesday, officials said in a statement More details are expected later.",1
"BREAKING!!! a tech company is a hoax created by elites, share before they delete this Share now!!!",0
Police said a tech company was under investigation and a report is expected next month More details are expected later.,1
"Anonymous insider reveals the new vaccine plans total collapse, they don't want you to know The truth is out.",0
Police said the new vaccine was under investigation and a report is expected next month More details are expected later.,1
"Anonymous insider reveals the central bank plans total collapse, they don't want you to know Share now!!!",0
Researchers published a peer reviewed study on the central bank in a scientific journal this week The decision follows weeks of talks.,1
"SHOCKING: the election exposed in secret video, mainstream media hiding the truth Share now!!!",0
Officials confirmed the election will go ahead after the committee voted on Monday Analysts said markets reacted calmly.,1
"You won't believe what the election just did, doctors hate this one trick Share now!!!",0
Police said the election was under investigation and a report is expected next month Analysts said markets reacted calmly.,1
"Anonymous insider reveals the city council plans total collapse, they don't want you to know The truth is out.",0
"the city council met lawmakers to discuss the budget proposal, according to a spokesperson Analysts said markets reacted calmly.",1
